mol_id,pred
0,-6.1846496127881885
1,-4.127175352892565
2,-2.809416841375405
3,-1.9979970081347542
4,0.5690165747485328
5,-2.1523562507985314
6,-3.726311245796325
7,-2.6851556386096616
8,0.20132223715504
9,-1.9177675177723388
10,-5.078796402511409
11,-5.799051707121908
12,-0.9434851945676005
13,-1.874975437967885
14,-3.5403046246996652
15,-4.025468115776797
16,0.3476365058780141
17,-6.4723730652074
18,-3.609538937122599
19,-1.898799233165938
20,-1.4247970235154799
21,-3.786387029135727
22,-2.5168464268152033
23,0.14116802663868674
24,-4.833087860232997
25,-1.5189014969677959
26,-5.217229528442673
27,-3.093403127224124
28,-2.897595694986604
29,-1.8292705429194962
30,-4.525344310319589
31,-0.6298418312764684
32,-6.482967160442383
33,-0.6189768303653977
34,-3.730514365475406
35,-2.1586408087126996
36,-0.08931586420108054
37,-2.0109808340264674
38,-1.5134444438648662
39,-4.152673551561946
40,-3.620420245717397
41,-6.986730325023211
42,-4.65220883899219
43,-0.7059105048233998
44,-1.3601934179781179
45,-1.411108505031002
46,-3.353071077526845
47,-2.999953419375867
48,-6.478332297192912
49,-1.8957091569498319
50,-0.026485051197033253
51,-1.900749402251941
52,-1.5050771192732
53,0.142607427965334
54,-7.903276200000022
55,-1.9955285120973942
56,-5.760714877274805
57,-5.162368471992201
58,-3.632327698030505
59,-3.809713627017813
60,-3.177790351446141
61,-3.2329620090675895
62,-4.293960911105928
63,-2.8452906328171896
64,-2.976531772864208
65,-3.2944519105238004
66,-1.6856032357065986
67,-1.463155309650946
68,-2.551931909710082
69,-0.8003189112317994
70,-2.715591067956598
71,-4.69541121047057
72,-2.0490766709337396
73,-0.9299379132590248
74,-2.720818847219532
75,-3.0933973818910667
76,-2.861789902002676
77,-2.117949610802728
78,-3.4446327294982932
79,-4.372962791421205
80,-2.5263419147161996
81,-2.628449909040398
82,-4.388745308964155
83,-1.8135311425693044
84,-8.818648400000004
85,-2.7389549999085303
86,-6.352901477710366
87,-1.8092871272901194
88,-3.4401716325994047
89,-6.3725767752305496
90,-0.22503259584159963
91,-4.264088715594595
92,-0.5193396357486684
93,-2.062554748532204
94,-0.2609592524856002
95,0.7262084754451495
96,-4.730093852028041
97,-3.5926474243642197
98,-3.0674401493922385
99,-2.037574492807203
100,-3.481512797625266
101,-5.459405809764776
102,-2.056345228187003
103,-4.287153024494866
104,-4.742390704472701
105,-4.315317844592957
106,-1.8649647904795732
107,-5.198349816932805
108,-3.0390869254634767
109,-2.636391687284795
110,-3.881044574549047
111,-3.150392066034703
112,-4.266042317332268
113,-1.456257242316126
114,-3.5097463240227955
115,-0.9690237105397033
116,-5.080029120455541
117,-6.210749895904355
118,-4.7336933020203125
119,-3.4789324224835925
120,-5.1122247294549
121,-2.4553429776486038
122,-2.9671810656647017
123,-2.0890629872775635
124,-2.9303366033886054
125,-2.590835940083759
126,-3.0625924942276663
127,-2.0372995228763333
128,-2.614229410836881
129,-5.062004934865803
130,-1.0259965102823971
131,-2.8260072556580056
132,-4.410454774150605
133,-3.7076902368790434
134,-3.306585877638935
135,-3.180796453187603
136,-2.4932926287334087
137,-2.4799769285403497
138,-3.2048355141645364
139,-3.3861781661318693
140,-4.744124427786457
141,-3.809713627017813
142,0.1660125645868667
143,-2.405137856852802
144,-1.2956481797713952
145,-1.7430143465226864
146,-1.6121741744498008
147,-3.6366434712145352
148,-1.2322791612786388
149,0.13179261006024665
150,-3.333476959674766
151,-1.6518001812773355
152,-1.513301609316731
153,-4.104620976704202
154,-4.733347288891925
155,-5.4900017042034746
156,-2.183215507834601
157,-2.383320445802669
158,-3.0493038007492004
159,-2.0324875710670063
160,-3.8905657285978656
161,-4.929843075969619
162,-1.3087606289125016
163,-6.591984233964591
164,-2.1323003603016004
165,-4.399303102059974
166,-6.926175708207769
167,-2.5298446126762686
168,-3.824405122381597
169,-6.944338860533212
170,-2.9018327217940643
171,-0.023911254266599853
172,-2.2214684105958584
173,-3.1169475910544655
174,-6.794004740540595
175,-0.6352268766682018
176,-0.06139344430213334
177,-8.9685691043698
178,-1.098476957920598
179,-4.452332644355528
180,-2.596939930080943
181,-1.7695514607893004
182,-0.6677997326655469
183,-2.9539664170132016
184,-4.620066355879579
185,-1.4020241233090078
186,-5.293006532330447
187,-4.42015100797434
188,-3.281930318977072
189,-2.930027709176398
190,-4.309278093236816
191,-2.317111684886666
192,-5.547480370900737
193,-1.5390445845420675
194,-4.8796425131256695
195,-3.9846472525765964
196,-2.2572313430506
197,-3.2703145825874094
198,-2.4020658832260025
199,-3.8417918257025
200,-5.539568647473089
201,-5.021299493559407
202,-2.8997792969159355
203,-3.0556791765584044
204,-4.964030807568203
205,-5.415739204531813
206,-0.33544677732041644
207,-4.250244354439765
208,-0.8948681263036018
209,-3.351712453557719
210,-1.5476267807366997
211,-3.700493194065
212,-2.986610406757003
213,-1.353608308695401
214,-2.168025756904799
215,-2.7824109280720317
216,-1.7076011762247973
217,-2.7051471925879937
218,-0.6247838115132001
219,-3.529968719872535
220,-3.023348359760201
221,-4.258447877257674
222,-3.3087642076091384
223,-4.891648475508868
224,-3.4944114797725665
225,-3.8046448804065958
226,-1.335058840148333
227,-5.0894033609257985
228,-3.5087331956704055
229,-3.6182957281390054
230,0.8869614123225981
231,-1.0055197370527973
232,-6.263821835765596
233,-0.8211607027208668
234,-3.2113024114549904
235,0.24840165752378232
236,-4.025819396261406
237,-0.6085714965611535
238,-3.5783141507527154
239,-3.101506224786893
240,0.3515043114611052
241,-3.787742552353199
242,-2.1634286963699974
243,-0.6688851300901669
244,-4.281243679762998
245,-2.768252025419527
246,-1.6239315896467317
247,-3.0152716965594584
248,-1.5895923819416682
249,0.26505364388426644
250,-1.721911658610403
251,-3.6660521780620012
252,-0.8850132224888009
253,-2.516154780415843
254,0.6907187187976053
255,-3.051276792792599
256,-2.261971152294951
257,0.19561937154032535
258,-2.2719005548569307
259,-3.505441872041923
260,-1.6948766998080023
261,-3.379086937771731
262,-4.562881943737597
263,-0.6481963953056267
264,-0.6488479423073624
265,-7.307392340479623
266,-2.9134612762228715
267,-3.35849920563374
268,-0.8539697634762822
269,-0.6951988655239981
270,-5.917547047476139
271,-2.522621897467988
272,-2.8340737295423972
273,-0.4872302449396033
274,-2.8226861174952003
275,-3.1077106636600886
276,-1.7859598658458036
277,-5.784505567477994
278,-3.1695529009659356
279,-0.8086070594823894
280,-3.0088201408908057
281,-2.506651009047606
282,-3.409758177245201
283,-2.518877674011397
284,0.27373412583115914
285,-0.33282602207463274
286,-6.384144935988613
287,-1.8689461124231947
288,0.10077876851260019
289,-1.9906466729618726
290,-4.247324076778178
291,-0.572714758720134
292,-2.250805491358468
293,-3.019701358185153
294,-2.5590957194219
295,-2.0756188994888096
296,-5.2323186857848905
297,-2.0462898394836677
298,-0.5761941265600212
299,-4.092789905848903
300,0.21016030469143315
301,-3.854805180323329
302,-3.353071077526845
303,-2.537496858292507
304,0.05858406058664756
305,-3.9463783525526965
306,-3.351697094482803
307,-2.253958526445483
308,-6.624426938819192
309,-3.51276302667327
310,0.4425148526132999
311,-1.2067180720876354
312,-6.437344728940717
313,-2.119916864489406
314,-0.8462445384422025
315,-4.544927546124545
316,-2.420662268981267
317,-3.900789894258738
318,-1.3298307329197963
319,-2.2700529286619298
320,-3.542515368511002
321,-3.7469624858327153
322,-1.3515311002493375
323,-4.319975109594124
324,-4.331301782854313
325,-1.3775733912463974
326,-1.7125646234498033
327,-5.625164054828412
328,0.19558851488663426
329,-3.4750214809461166
330,-6.529120000743786
331,-2.371816502417997
332,-2.0141854658309994
333,-1.1973123506288
334,-5.327729856900606
335,-2.893181855420987
336,-4.3934083481939705
337,-4.228114643840778
338,-4.351002549430889
339,0.5531457720341663
340,0.697852383949998
341,-3.401338165933398
342,-6.54967152148079
343,-2.2867591612878013
344,-2.5397491116776236
345,-3.481071892845634
346,-3.4358709338162043
347,-4.421890785220996
348,-7.959648599999966
349,-2.149368755808899
350,-6.227156200000037
351,-2.431543478738018
352,-1.6813540931191342
353,-4.654009147817996
354,-3.161304754993899
355,-2.9301120838176757
356,-0.6582968647066015
357,-1.2104580058882024
358,-0.9147182437705987
359,-1.2504352937166656
360,-1.540109089598616
361,-1.9848491807772004
362,-1.5330850838658987
363,-3.504591604140433
364,-2.157223655573999
365,-1.7275278565239993
366,-4.157320316011158
367,-4.693038121572571
368,-2.4138930561087317
369,-3.135076479943394
370,-0.17459944930956023
371,-3.8784518707368383
372,-3.047741774402395
373,-1.5551934358284185
374,-2.5522125644748703
375,-1.7747235011738387
376,-2.2068801613707993
377,-5.718885085163207
378,-4.022633643005389
379,-0.20523828426899987
380,-4.64865026702031
381,-4.599953943056398
382,-6.877799650576992
383,0.5583959543848038
384,-2.733287998724602
385,-6.8072297824074175
386,0.27401977262406657
387,-4.340121889484597
388,-6.473794532958801
389,-1.7626019879972565
390,-1.772923763079809
391,-3.1344409846909964
392,-3.5657412229877967
393,-2.3712200706876025
394,0.47075865207112905
395,-3.360480337149104
396,-2.5202237460399965
397,0.7675315772455992
398,-3.201344771245224
399,-3.1737769424829514
400,-1.9659458707559319
401,-3.3047830541614243
402,-0.8149645504802653
403,-2.925435580010601
404,-1.0931733773161052
405,-0.5471393587998674
406,-4.324649672366597
407,-0.3424801719913328
408,-2.9047071580040034
409,-2.5153981698651173
410,-3.657159368365677
411,-5.685399637212213
412,-7.437515426859756
413,-1.01798334722057
414,-2.610867892249398
415,-3.0182289191632545
416,-2.431314773821649
417,-5.257890531564723
418,-1.1787445951182052
419,-2.223280667197383
420,-3.2977441679153916
421,-5.044003055512604
422,-2.072296835809003
423,-2.794192108405014
424,-1.7290667417213423
425,-2.8196239953233326
426,-1.1572887284065998
427,0.03884593110036679
428,-4.125356871446667
429,-0.7533034030612018
430,-6.404454682054678
431,-3.767526905781003
432,-5.255979680700798
433,-4.682180523788008
434,-0.6368984506192004
435,-2.9046109250664855
436,-0.945686340490799
437,0.09133149793899976
438,-2.446400405373367
439,-2.8525826354310677
440,-4.62191519708621
441,-5.484524335737609
442,-1.7725714020906018
443,-3.3155921611267414
444,-4.3526407270599
445,-1.1385193756057612
446,-2.6885253650162055
447,-1.769412176856268
448,-3.0536033433951415
449,-4.450153208050328
450,-4.136334726520821
451,-1.884628981123595
452,-2.7202465669273135
453,-2.3916174348669337
454,-5.712790497874982
455,-4.427071042596603
456,-2.535401440054395
457,-3.4201313206603112
458,-3.150025576760418
459,-3.737349026113604
460,-0.1281244199630665
461,-4.0453168848397825
462,-2.321830579379702
463,-6.33075830601539
464,-4.272691195354496
465,-1.7300945711438
466,-1.8733943151539987
467,-0.35731999549809923
468,-3.0115263970277493
469,-1.9712870628756087
470,-2.176737081450199
471,-2.3023599917693987
472,-7.114023117907794
473,-1.8360396325942023
474,-3.0480624384658075
475,-5.149306642065872
476,-2.3195725483942584
477,-3.3778481014998576
478,-1.3991240052153964
479,-1.5368127786529815
480,-4.834778120265417
481,-1.883997759168605
482,-4.347634909612011
483,-3.0793407278562954
484,-3.315033536724202
485,-1.681194847792775
486,0.5946365536843673
487,-4.657133641660534
488,-10.080733665882375
489,-1.4145588381160008
490,-1.5739144144347965
491,-0.8430157318726023
492,-3.5900128310307036
493,-2.678219137612302
494,-2.47808221659773
495,-4.965268568088396
496,-2.9544910029658085
497,-5.879828300577662
498,-4.432695140077599
499,-0.6556538215162816
500,-3.331383010794565
501,-3.188021071761939
502,-0.9041752582517952
503,-3.1981124409943877
504,-4.308199411889999
505,-3.0642701457171966
506,-0.724735082306201
507,-1.5373611308679256
508,-2.734610434492869
509,-0.38365262743244405
510,-2.580167014532915
511,-3.0890579745727957
512,-1.801381384705133
513,-4.589425030759452
514,-0.13088976719206666
515,-4.242387096199806
516,-0.8642761166376132
517,-1.1802613826773334
518,-3.5759819374284008
519,-4.4815624044202
520,-1.689303769460394
521,-2.722811023167264
522,-0.6023088036959989
523,-2.1160811165838505
524,0.1267745289922936
525,-4.611761871784804
526,-3.1666280408456653
527,-7.316651599999973
528,-7.050919806193228
529,-2.968895401993203
530,-2.1143500090886005
531,-2.858103075218146
532,-1.499733274814332
533,-2.9856314601936664
534,-4.240541918218792
535,-1.3768324756151988
536,-4.381533999650156
537,-2.788781941764798
538,-0.30654652664600013
539,-4.331850941569544
540,-2.341336045772871
541,-3.804123281083591
542,-4.600238419539393
543,-1.7198548929960014
544,-5.931576214862784
545,-5.299788132299468
546,-2.3530453172358015
547,-2.9354207229006017
548,-2.14726416135612
549,-5.189184154982409
550,-1.7853153084105327
551,-2.501478634807666
552,-2.575958706848884
553,-3.957736738555816
554,-2.8917064844783327
555,-2.976289873327401
556,-2.3486679910495116
557,-1.4488626765777932
558,-0.7958542180480015
559,-2.0568518269733302
560,-0.5098528942856018
561,-2.403773414712802
562,-2.1378280018562035
563,-2.457346662146054
564,-2.6508670784731843
565,-4.389670764433575
566,-1.4782092997826082
567,-4.988978088031439
568,-5.538575290361806
569,-2.141283071016184
570,-1.1386884609658021
571,-1.5661258730806065
572,-1.6225630763864995
573,-2.8220971139665063
574,-3.6235372718216046
575,-6.308467998668646
576,-2.4398612465694045
577,-3.180960488682003
578,-3.043009620611528
579,-5.881024162010963
580,-4.715776936335529
581,-5.041984671288807
582,-1.2651502740727343
583,-5.027378932134584
584,-2.8582557690777346
585,-2.6136597478723207
586,-2.8863594432798156
587,-2.3627285820459623
588,-4.491488987295538
589,-0.8177195849560005
590,-4.674992041152397
591,-0.573564108554003
592,-2.2049556598463833
593,-8.089450799999964
594,-2.712945124672401
595,-2.205157992869811
596,-6.480985658018203
597,-0.6929507857347025
598,-4.165976742907683
599,-4.587468994737474
600,-2.097335796876004
601,-2.164490999007598
602,-2.3917492827452005
603,-6.697464878992801
604,-2.4641804110517604
605,-2.6570348368631325
606,-4.254983254172991
607,-4.51825357674381
608,-2.673317915391398
609,-2.448718000846729
610,-2.8175291235027933
611,-4.018246298943003
612,-4.805070751319088
613,-2.2386338713539318
614,-1.5508482424372638
615,-2.230785046357529
616,-1.991215105708155
617,-1.64310630790454
618,0.16131093584850018
619,-3.430933634973596
620,-3.111968757260938
621,-0.42736851014353416
622,-1.7929605728312685
623,-2.6901747766617214
624,0.308117238307001
625,-5.080820259791997
626,-2.1741863819636125
627,-3.417784810066999
628,-1.0603930622770528
629,-4.957985461930762
630,-1.173755361417267
631,-5.968704552917241
632,-3.3880572560272357
633,-0.282497088028354
634,-2.2613122417124876
635,-1.8191479764675988
636,-3.4138380843188383
637,-1.128144533746536
638,-0.957318890649124
639,-2.7253293725316023
640,-6.423927687525358
641,-2.600888596894899
642,-4.3841993598249385
643,-1.4448020452009636
644,-3.6282930810805034
645,-3.826355565756465
646,-2.649777482453737
647,-5.0250264215353955
648,-4.39808946122901
649,-1.0896222216897995
650,1.186113063177195
651,-2.050982464408868
652,-2.5688927707856015
653,-2.656401960184834
654,-3.2951014333475914
655,-2.367722924404637
656,-3.780230699984597
657,-2.9507900972759096
658,-0.3591691755612789
659,-1.752312445525
660,-2.3493719744200052
661,-2.6543868218663302
662,-7.104121185422008
663,-0.6884755635696022
664,-0.7761093234501333
665,-7.897093199999996
666,-1.1027039005448072
667,-3.5360196856062096
668,-2.0254629810023905
669,-1.735739321631398
670,-4.839882898321983
671,-0.4514967646175326
672,-3.9431021724460247
673,-3.4916610115621785
674,-1.7568325066446375
675,-1.9772322088177954
676,-0.5206972276847995
677,0.9962165081597955
678,-3.053231067514997
679,-4.342398146490372
680,-3.4163325502163833
681,-4.447272038255964
682,-4.000418687957399
683,-4.446961431605931
684,-2.732190692414201
685,-4.63946852052847
686,-2.0753339768169976
687,-3.2627599274640087
688,-3.3940317119400008
689,-3.4614954827549957
690,0.4448470211446215
691,-0.5391954527292009
692,-5.492301639631848
693,-3.133749942945289
694,0.1605047654053998
695,-4.2440020575294
696,-2.635682413530003
697,-4.890476209111209
698,-2.3771387841148393
699,-0.18079129844320027
700,-1.683489488501731
701,-4.288818242092662
702,-3.2668239809724615
703,-1.7473168145030005
704,-2.299023250700197
705,-1.4461229549953598
706,-3.852047539946243
707,-2.3640402992340706
708,-8.320544969402569
709,-3.3806715009499984
710,-2.3522633072715347
711,-5.879828300577662
712,0.6071621115482965
713,-2.8168690705176003
714,-0.4001442334259137
715,-1.623321602393196
716,-1.3437208870356079
717,-1.1835092755168375
718,-2.5285353509729984
719,-1.0124658924457317
720,-2.6529804331810363
721,-2.304961682280666
722,-2.8610978645906013
723,-5.202385484242092
724,-1.3452893766925997
725,-0.9559688836934696
726,-6.634549761410406
727,-2.200616061476131
728,-0.4673946032415989
729,-2.71816754779087
730,-3.1054589465842546
731,-0.08565005333880034
732,-1.4864586477907944
733,-2.862310995443799
734,-2.277573347688741
735,-1.942604661647943
736,0.27355474069391394
737,-0.7958542180480015
738,-2.4343711949476976
739,-8.006554000000024
740,-3.9689577175317954
741,-6.250917945296817
742,-1.2635025557131674
743,-2.9444192665580102
744,-2.451679582627186
745,-6.305475180438579
746,-1.3136316838379267
747,-1.9760325852331984
748,-5.349400095085351
749,0.25925749939649817
750,-6.961570693035314
751,-4.1563633312823995
752,0.23339746373899975
753,-3.8000247453589897
754,-3.574738958358338
755,-2.3502000578532005
756,-0.18309677965366686
757,-3.4264861747528013
758,-1.0885134102128
759,-1.9833939183957998
760,-0.4423212691929998
761,-2.424627315176801
762,-1.6587600679922916
763,-2.4107364654503303
764,-2.976531772864208
765,0.700245493857102
766,-4.375950936780344
767,-5.409697244804824
768,-2.1477279534515836
769,-0.7202036448124666
770,-3.961284792358553
771,-1.2061174809127972
772,-1.9332719357792638
773,-3.2681313193741954
774,-1.6353537056396132
775,-3.487849515694702
776,-7.932390851550427
777,-1.966797746058596
778,-1.7343681470527337
779,-6.107353032921371
780,-3.1905261446064714
781,-4.345997057401644
782,-5.848789487117795
783,-1.9355744027084159
784,-6.96882815070942
785,-1.6538210078926994
786,-0.665269756651001
787,-3.3914832461572026
788,-5.438690309531154
789,-3.9842237290111955
790,-1.1552410676999507
791,-2.406084272927272
792,-3.4252836546177963
793,-2.1161496327403984
794,0.4600442265751548
795,-7.904620400000036
796,-2.2013352089750895
797,-5.198765583160214
798,-1.4548295246412684
799,-2.64817631514903
800,-2.573991174381519
801,-1.8083099088442607
802,-2.964436705632133
803,-1.3026276101077703
804,-2.612276867207597
805,-4.970930765119143
806,-1.8747482481455087
807,-2.668169364722602
808,-1.6758168312568045
809,-0.9893607470019987
810,-3.9002770281747368
811,-3.161304754993899
812,-2.3437148976924047
813,-1.4776140479184978
814,-6.7627614028110035
815,-1.9830189358692025
816,-4.913558356256346
817,-2.3397422161519983
818,-2.3159029679120327
819,-1.69510073186337
820,-2.2889227490636657
821,-1.5468068124213021
822,-1.7193093958003995
823,-3.2769034755278006
824,-2.846543705556397
825,-2.7047366602815672
826,-1.1896533395980653
827,-4.5831066123404
828,-5.519642108616604
829,-0.6677909460226009
830,-3.717379583017993
831,-2.4744170947897994
832,-3.0572349332382625
833,-2.954316994273666
834,-4.610490033470068
835,-2.702335721153608
836,-2.367691263177931
837,-3.649482750263612
838,-5.202066040279
839,0.8174045584525993
840,-3.9415510944501815
841,-3.907517559070732
842,-1.2480089881600014
843,-7.293770212870998
844,-1.166324994607599
845,-3.89769238601621
846,-2.5714001744339323
847,-4.2562064416654
848,-4.394828732196201
849,-1.6540328859921323
850,-2.690054063004803
851,-3.516691754118868
852,-1.6468375683587984
853,-1.477761369596993
854,-0.8548706740041996
855,-3.571633155248399
856,-7.032426306671705
857,-3.770639892557448
858,-0.29462109790186664
859,-2.3215653238352925
860,-1.928038370996745
861,-1.443356866091003
862,-2.729236141663798
863,-1.5628454190344157
864,-1.1831005854842644
865,-1.2898938432397327
866,-3.035954399106597
867,-3.9731713149287984
868,0.17018144248395964
869,-3.0764653958965984
870,-4.2667865082362
871,-2.420022229009802
872,-1.8372557076895306
873,-2.7842829838455287
874,-2.9385629667628885
875,-7.979815000000023
876,-1.936223303563803
877,-0.6951952409250034
878,-1.6064549653926001
879,-3.076053011099004
880,-0.4343561453576671
881,-5.113399308965994
882,-4.669576647310656
883,-3.1762662319270025
884,-6.298295750803999
885,-3.0064532260597128
886,-3.8548176061443953
887,-2.186347279204602
888,-0.796623635836034
889,-1.731901161072106
890,-2.314838799980002
891,-2.172409695009731
892,-3.580885213212066
893,-0.06491858825879908
894,-7.662460772122261
895,-3.0738061016596006
896,-8.465019199999965
897,-2.203782562444759
898,-1.911280973530066
899,-1.954240476592603
900,-1.2691457131950992
901,-0.6728988612200011
902,-2.7041900282854
903,-5.012110494196184
904,-2.213087582637666
905,-4.281867089645802
906,-4.713058669066798
907,0.1318238021702668
908,-1.3563373048126772
909,-2.7208292695369174
910,-1.6681216538955999
911,-3.559539859531004
912,-4.254983254172991
913,-4.384083505274787
914,-3.1762432477524407
915,-4.005509652475736
916,-1.4034986143206394
917,0.6917686886117012
918,-3.1558078547120405
919,-1.0687806478793995
920,-2.1723065863578
921,-4.234042668854804
922,-0.21080805133594618
923,-3.9982296283058534
924,-4.600468245341395
925,-2.598102210289995
926,-4.763605640754804
927,-7.454303156579579
928,-1.358203584106022
929,-0.7608998759048022
930,-4.338558661887548
931,-2.328160787670604
932,-1.2348852892970141
933,-1.4482900911482
934,-4.245247814407541
935,-5.872587170358602
936,0.0736885560780002
937,-3.914706066755595
938,-4.278907002892006
939,-1.4827259946891935
940,-6.760416255992029
941,-6.111333488187011
942,-2.0227092230783907
943,-6.904469685704961
944,-6.820200380877735
945,-4.296425351457259
946,-0.832390795753132
947,-3.9302956180517876
948,-3.1804389853097588
949,-2.7256640179497964
950,-1.2690618642329927
951,-1.3698161984455992
952,-1.3126882586755235
953,-4.326408539404669
954,-2.1717859677696327
955,0.000977048445749987
956,-0.33282602207463274
957,-3.714998864098189
958,-1.519270299262411
959,-2.695228267098676
960,-0.7001912674274997
961,0.6907187187976053
962,-3.5402391734932053
963,-0.6641066874485488
964,-6.03658108918718
965,-6.288757726612616
966,-3.328657124666078
967,-4.152767270939168
968,-4.393724419764993
969,-4.419814852281676
970,-3.0752601916594013
971,-3.5605176018426032
972,-2.464719976659121
973,-2.704975279034151
974,-5.891716080394606
975,-0.4523530473812009
976,-2.3938517742895
977,-3.1082952772750017
978,-3.8267528430241966
979,-1.68601901074293
980,-3.2048217671243555
981,-3.176112148959989
982,-2.377895904004468
983,-2.1201056352692023
984,-3.76072114525119
985,-2.617714911299205
986,0.4254223073514462
987,-0.973981775682401
988,-2.5112866371360028
989,-1.4994242270551996
990,-3.2733088036124562
991,-5.5358593419209985
992,-4.211870858541738
993,-2.7447721120640054
994,-3.30272353667913
995,-0.9875789856677988
996,-3.328588198537073
997,-1.4504512501684044
998,-3.809713627017813
999,-2.477515056893199
1000,-1.4735725980848646
1001,-1.9804025599885922
1002,-7.681149199999989
1003,-5.285971088810229
1004,-4.507308454091606
1005,-2.7567067952723314
1006,-0.05103224483406674
1007,-7.967582399999954
1008,-1.2366537485778646
1009,-0.671312349761833
1010,-2.1763462810395997
1011,-3.9594103693793725
1012,-3.7645637162621597
1013,-1.2867655365784034
1014,0.19695162151410006
1015,-2.1471761649799452
1016,-2.105321345613999
1017,-3.032776014858542
1018,-3.0354038286496685
1019,-4.788132054265392
1020,-1.9911089019173065
1021,-4.2637745241979985
1022,-1.9726083911644008
1023,-0.47524702780361633
1024,-3.082646529575202
1025,-2.604468134847453
1026,-2.6465088848352103
1027,-4.084703242786337
1028,-6.50204231181657
1029,-0.5061450352505986
1030,-7.662460772122261
1031,-5.9369491731806
1032,-2.0653115825926065
1033,-3.1449070940652217
1034,0.6636427282914489
1035,-0.810927775704403
1036,-2.3917368684706024
1037,-1.1162143539299996
1038,-1.7356052989528084
1039,-1.6392893701307956
1040,-0.5934855237529801
1041,-4.134638379883995
1042,-5.6310736421937975
1043,-3.4278489223931974
1044,-4.2545418917595565
1045,-6.349218142635019
1046,-6.1339662000000414
1047,-2.742376229814207
1048,-2.1519444492530018
1049,-2.2329229924136658
1050,-3.086159822815587
1051,-3.344065964919374
1052,-2.6441054750858553
1053,-0.35807944914360107
1054,-2.488299432166866
1055,-2.2623431735644655
1056,-4.356635937277932
1057,-0.013650099059599987
1058,-3.2830219807801906
1059,-3.0313914292935955
1060,-2.9798518198644723
1061,-6.160089565686813
1062,-3.254442297682202
1063,-3.053958231279132
1064,-1.4495531411429006
1065,-2.9281252077810036
1066,-2.537882443032668
1067,-2.3623101810552014
1068,-4.408671371258772
1069,-5.345776754728795
1070,-2.0873878272476025
1071,-2.784271742058217
1072,-2.460727504449764
1073,-1.9148209000075522
1074,-5.709273956111791
1075,-7.884775813386584
1076,-7.3601650975960355
1077,-3.0652975753735983
1078,-3.2920178302213383
1079,-2.8357362626271345
1080,-3.5390645744680005
1081,-8.715403600000005
1082,-2.004810023265119
1083,-6.896099718752198
1084,-0.15513300454360024
1085,-4.101175794557202
1086,-5.143715412432654
1087,-1.748196325218801
1088,-0.921596493722647
1089,-4.001124300997017
1090,-3.254681299199011
1091,-4.075092448485809
1092,-1.583173335724966
1093,-3.4668902868282836
1094,-3.7149437638132508
1095,-3.687716097292019
1096,-3.2021389814738144
1097,-1.506109540825325
1098,-4.067184740829995
1099,-3.557012025380341
1100,-0.9473338880076041
1101,-4.361408857464264
1102,-1.6598175173248004
1103,-1.7524608055843354
1104,-3.6940115808946103
1105,-2.0875402669538383
1106,-1.549470648417536
1107,-1.3365569016390257
1108,-1.5396740946474867
1109,-2.697175475443791
1110,-4.797755024239989
1111,0.05186493486214991
1112,-2.925125496726236
1113,-3.010215724010201
1114,-0.7022663884865296
1115,-7.232268376680622
1116,-1.5760815177969338
1117,-2.592427519247595
1118,-1.829279391596132
1119,-6.770908968634999
1120,-2.989226807074001
1121,-5.188840214066607
1122,-6.945096204591688
1123,-3.501916164826925
1124,-3.7308684025972045
1125,-3.5732357585250645
1126,-1.8526892996702575
1127,-1.4569473866291014
1128,-4.431749429462206
1129,-6.333949940568883
1130,-2.3576365128114327
1131,-7.100495713798384
1132,-6.750198048290607
1133,-5.683488405223494
1134,-5.386242614841115
1135,-5.833016998033019
1136,-1.0745457988351568
1137,-2.548633512076008
1138,-2.8241027443458004
1139,-4.006779625191595
1140,0.6213911505126352
1141,-5.763095611147077
1142,-2.0890629872775635
1143,0.08411058995225662
1144,-0.5153178008323319
1145,0.19501381897842665
1146,-4.722297849414209
1147,-0.5496027782050209
1148,0.749930719236006
1149,-1.590591527354763
1150,-2.8866243276051144
1151,-4.587468994737474
1152,-0.6192342258771876
1153,-1.9638932055400042
1154,-4.58309189567476
1155,-2.8876586582885984
1156,-3.789198037575735
1157,-0.8063198106234313
1158,-2.8809489376696047
1159,-1.193512883790903
1160,-1.8365325819605978
1161,-3.2839381362790068
1162,-2.743633980678526
1163,-7.2543076812646055
1164,-2.8364858553541996
1165,-0.9526279916027762
1166,-0.30285141105643987
1167,-2.1079997040108664
1168,-4.770306761859669
1169,-2.452570072286596
1170,-7.692296525346011
1171,-1.7756861599623022
1172,-2.7337173189606006
1173,0.9518727540512245
1174,-0.9696630752957732
1175,-0.9253008896719006
1176,-5.203097811825994
1177,-3.555663595176916
1178,-4.009455281706136
1179,-0.8846023702784018
1180,-0.510801747715533
1181,-4.513411205674183
1182,-5.344589670358303
1183,-3.1123679789257546
1184,-3.375262031860803
1185,-4.192548444976271
1186,-2.881987144378615
1187,-3.989811873546803
1188,-6.186841055702197
1189,-2.430164312323199
1190,-1.2898122265278689
1191,-3.1973642607633304
1192,-2.9146545962918005
1193,-3.412534811584788
1194,-2.9303656967860734
1195,-1.5317114061463954
1196,-5.155533797829829
1197,-4.706504325548897
1198,-2.0489673146516014
1199,-2.245463701847209
1200,-8.16183800000001
1201,-4.9294195394310165
1202,-2.6279185691132008
1203,-1.8669493767099337
1204,-4.744802280293142
1205,-3.7979994933190007
1206,-2.708372901582842
1207,-3.1130279738662483
1208,-2.960784356922271
1209,-1.1030113467475864
1210,-6.242174785144825
1211,-7.200680973718353
1212,-3.132197798211472
1213,-1.973423381687682
1214,-3.4743194140647673
1215,-2.8013331174316365
1216,-1.8613775894301954
1217,-2.2316934398036237
1218,-1.1253048613862808
1219,-3.4797610238531997
1220,-1.8769996906613986
1221,-0.3492521100881327
1222,-1.1606927860381349
1223,-2.1636832731440654
1224,-2.9979761284877964
1225,-1.2231208208881998
1226,-1.3472073383709964
1227,-2.0162389567429977
1228,-2.6957246762083362
1229,-4.132361747431533
1230,-1.5079183153738824
1231,0.19528674153680098
1232,-3.3006994155695693
1233,-2.6240556467622835
1234,-0.7977451864593311
1235,-1.7512766843855985
1236,-2.6686483317476504
1237,-3.9877799135193333
1238,-2.3228841342150024
1239,-0.7130078790372197
1240,0.2768057251875586
1241,-1.6231005634750015
1242,-6.851878093590603
1243,-1.2335290031354673
1244,-1.9865082764223956
1245,-6.152094051820781
1246,-2.03680642175952
1247,-1.5258772663827338
1248,-5.229356806543407
1249,-7.492452646706849
1250,-4.128709457406809
1251,-3.3042038520471957
1252,0.7712000686757962
1253,-2.005967241503837
1254,-4.24290467308743
1255,-2.9865230443759283
1256,-3.322650578061601
1257,-3.883955333571784
1258,-8.182782799999979
1259,-3.678646051173267
1260,-1.4414455503566699
1261,-6.621477560839555
1262,-2.339814785313403
1263,-2.3323297674092065
1264,-4.857719017526532
1265,-0.019203960426000085
1266,-4.5436939886824
1267,-1.5694258277719109
1268,-4.312914875761934
1269,-3.982220894892715
1270,-2.8778418600048004
1271,-4.696303116580733
1272,-6.691340459200608
1273,-5.345282799482978
1274,-3.2711537907532646
1275,-2.802436594191403
1276,-4.828833434198563
1277,-3.2634337718101807
1278,0.3790882879397997
1279,-3.9597333778526838
1280,-4.696165197292332
1281,-0.7843500615262744
1282,-1.992030261101069
1283,-3.8332708213667956
1284,-2.7362804417062287
1285,-0.3417611607089999
1286,-1.4165585319023184
1287,-3.6164856698693892
1288,-2.2642710081196245
1289,-2.1567535697234184
1290,-0.3153479447525329
1291,-1.8928002538678623
1292,-1.1164452002624325
1293,-2.910245460900404
1294,-1.2003301857355329
1295,-3.78172377329407
1296,-2.935940625886013
1297,-3.9431021724460247
1298,-4.207682046223546
1299,-2.3706599446023295
1300,-3.262334717943196
1301,-3.2190143380792025
1302,-3.6434481888933647
1303,-1.9556654586738662
1304,-4.735321360267592
1305,-4.571982083219934
1306,-3.7416342997487955
1307,-3.6100072276213853
1308,-1.640936747716136
1309,-1.827901225251607
1310,-3.1299236965467956
1311,-2.055969837283399
1312,-0.7854555990012009
1313,-2.91645230761406
1314,-5.31824219078304
1315,-1.5839233904736378
1316,-5.121344225687417
1317,-2.652038615325996
1318,-3.717332167018485
1319,-4.029839456503771
1320,-4.080276048952866
1321,-0.8166726571252011
1322,-8.883379400000003
1323,-2.979086479509673
1324,-4.247024067417991
1325,-1.7970255961669945
1326,-3.202694626634605
1327,-7.599810512986774
1328,-2.718131091164346
1329,-3.899363566213266
1330,-1.978551363700665
1331,-2.0890629872775635
1332,-2.2557672790128014
1333,-2.5408231870571996
1334,-0.38870641355650076
1335,-4.2349161966284665
1336,-0.7187416040333312
1337,-2.9585769441512038
1338,-2.935940625886013
1339,-2.3239304374651297
1340,0.07672677790478666
1341,-0.5175853617663347
1342,-2.083001316227995
1343,-2.6144470581686
1344,-3.490851681277788
1345,-3.901132706602005
1346,-1.938446676530927
1347,-4.769058214571054
1348,-1.936588131607898
1349,-4.203413051162929
1350,-4.944664658845853
1351,-0.8169945949490551
1352,-1.919729881819134
1353,-2.610256653687968
1354,-2.3727884474061978
1355,-2.026977376596216
1356,-6.570297102146398
1357,-2.316042649553531
1358,-2.666465031307102
1359,-1.0597499798420005
1360,-3.0065825230098713
1361,-1.814871992529006
1362,-2.006414400467399
1363,-2.226192309634404
1364,-2.5866417458696853
1365,-7.01389781243942
1366,-0.1524400084580665
1367,0.07212218556056639
1368,-0.897367518571628
1369,0.41576653874180186
1370,-1.1985046287802
1371,-3.562362515094627
1372,-1.787846636559397
1373,-1.5403282120619992
1374,-1.816079708961488
1375,-2.5509856821430823
1376,-2.171429400544702
1377,-2.157919226343797
1378,-2.5912191631922687
1379,-4.489644981641406
1380,-5.706144407821986
1381,-2.4852832453198013
1382,-3.417227284048694
1383,-0.45702291371207576
1384,-3.5226212653966362
1385,-1.830237329232203
1386,-0.2922920153310659
1387,-1.565040713243734
1388,-3.5984858855231177
1389,-3.1863196507953995
1390,-3.2751632222010043
1391,-8.254168430933367
1392,-1.8024075101793156
1393,-1.6135460260995347
1394,-9.504149999999994
1395,-5.968704552917241
1396,-1.865493515443998
1397,-1.759982517010999
1398,-4.767649762320797
1399,-2.443204727719401
1400,-3.674648076926871
1401,-2.4932926287334087
1402,-1.6656198744284034
1403,-5.0234558170404
1404,-2.138725837563269
1405,-1.115633548636876
1406,-3.3170892317187337
1407,-1.238059902175265
1408,-9.363787199999996
1409,-7.571933657946027
1410,-3.357700500063404
1411,-3.7651145068312006
1412,-5.116666747780811
1413,-3.0599718364717905
1414,-3.0232526276263454
1415,-3.154930291068809
1416,-2.446602237046472
1417,-2.205157992869811
1418,-2.3872781223074004
1419,-4.921078461858594
1420,-6.469310679520823
1421,-0.9013579641713184
1422,-3.377578211658362
1423,-2.7660018874746672
1424,0.5541801713325265
1425,-4.262889104039067
1426,-3.1453959417657167
1427,-3.51017895297381
1428,-1.2705890070028012
1429,-2.4573308048937297
1430,-1.5727584253914668
1431,-5.560364674830171
1432,-0.895479733474402
1433,-2.428872498973998
1434,-1.3968205359775618
1435,-4.764858795794063
1436,-1.920921779889401
1437,-3.5577798101347464
1438,0.49145973022164957
1439,-2.4463679911743768
1440,-7.717033496496819
1441,-3.6280460938867996
1442,-4.604731524437367
1443,-6.33075830601539
1444,-2.018207119126033
1445,0.19377355501780097
1446,-0.5437719866754338
1447,-3.3222014245287923
1448,0.11975006225536604
1449,-1.4882063579638012
1450,-2.524216543619135
1451,-3.1721319238734162
1452,-0.8166399158229317
1453,-4.695175759376824
1454,-2.120982411281738
1455,-2.2484553701999954
1456,-3.0656553704478013
1457,-2.235337489694378
1458,-8.423033999999987
1459,-2.9335686685027977
1460,-6.599158193529812
1461,0.34240348850584956
1462,-1.4106016442346136
1463,-2.2561084565734815
1464,-1.9312727698201995
1465,-3.2750432091407884
1466,-2.7861194093520614
1467,-4.254983254172991
1468,0.19226343073846672
1469,-0.6749303114148766
1470,-2.9631068919460715
1471,-0.7182892158881992
1472,-0.056769697613608165
1473,-3.791444606644607
1474,-3.834111726568862
1475,-9.452904040928411
1476,-3.4819911540701383
1477,-1.6196835448732028
1478,-2.008037548758202
1479,-1.7313842826703025
1480,-2.208114538155063
1481,-3.2094976107542106
1482,-2.6521062610228037
1483,-6.406553081704404
1484,-3.3888984913796056
1485,-3.505840786914399
1486,-4.225278515503221
1487,-2.777995377412613
1488,-0.46052865052299985
1489,-4.531764175790202
1490,-1.3606939235030002
1491,-3.5503325116049758
1492,-3.8307383432427833
1493,-5.280438376902909
1494,-6.3037727432174036
1495,-0.6793679071852821
1496,-4.307789181715977
1497,-2.437392248512435
1498,-3.6323874243657617
1499,-4.4585003426901295
1500,-2.8379301333094045
1501,-3.5836691400768568
1502,-2.9835085271179347
1503,-4.638701987662279
1504,-2.582034395367664
1505,-5.495494533643796
1506,-6.726095131764835
1507,-2.0121384017692012
1508,-0.011594119078080016
1509,-2.8744749407146726
1510,-3.0433452941432018
1511,-2.7010226455890023
1512,-0.9597000245782019
1513,0.2665928435716977
1514,-3.06432206755159
1515,-2.0742669951549146
1516,-3.3098589799504095
1517,-1.3391167852370034
1518,-8.167453999999967
1519,-1.9268119569577968
1520,-2.817922341051011
1521,-2.391650312651541
1522,-3.7604740824690563
1523,-4.87822790971881
1524,-1.718500891449659
1525,0.38287084825940276
1526,-2.388415456245784
1527,-3.919808662520258
1528,-3.4407365669638024
1529,-2.436956779647732
1530,-3.360344356706796
1531,-3.2148004428395343
1532,-5.345282799482978
1533,-3.4329531798702955
1534,-0.3340040051825999
1535,-4.225460151380066
1536,-7.290808822950314
1537,-0.9339902083492713
1538,-3.5971612737793714
1539,-2.2269662928900646
1540,-2.516299976068463
1541,0.4072225661779677
1542,-0.22969190773593354
1543,-3.811936344104202
1544,-3.0027802474382037
1545,-2.766457831051402
1546,-1.2233554747574642
1547,-5.415023110056806
1548,-2.224253004445165
1549,-2.375429834625277
1550,0.8526382747371567
1551,-4.053561552083217
1552,-3.4316055522995734
1553,-1.4682679408093973
1554,-7.503792800000008
1555,-4.3212947084878515
1556,-0.6677909460226009
1557,-1.5215391734888013
1558,-3.980647592941198
1559,-4.699734264786945
1560,-5.672600545820223
1561,-1.7428048785280028
1562,-3.304111932607798
1563,-2.1804052377835976
1564,-1.688862152436805
1565,-7.4896326000000135
1566,-2.7865080287923365
1567,-2.0701267688407685
1568,-1.5157369920759995
1569,-4.195474799130932
1570,-2.8021071122366017
1571,-1.3752853208387963
1572,-3.772234418541798
1573,-2.4406379632642023
1574,-3.165753548512456
1575,-4.445953605351218
1576,0.4326287328891355
1577,-1.8518871826003953
1578,-1.1718413131298
1579,-0.27610097682240065
1580,-2.535814202411996
1581,-6.445434003485599
1582,-2.8334541430917755
1583,-1.893533333185459
1584,-2.0121828249810982
1585,0.5380062415299991
1586,-0.6424696741352021
1587,0.04097331297920006
1588,-5.409697244804824
1589,-1.9397348291085368
1590,-4.3448657244493925
1591,0.10070622997196013
1592,-1.409767737733799
1593,-4.100647854415784
1594,-3.2878158308846044
1595,-1.1005022663949995
1596,-0.9786301993841974
1597,-3.4156350836394043
1598,-2.787041053559581
1599,-6.924957458100899
1600,0.3053690040613338
1601,-4.029675092509812
1602,-2.403566988870802
1603,-5.196414783283783
1604,-3.3370178498683916
1605,-3.5411555166514144
1606,-4.204831831795727
1607,-3.077207392868607
1608,-3.0864044149244667
1609,-0.5509213034520003
1610,-2.4543246269697225
1611,-0.531799552604266
1612,-0.2641608679449997
1613,-4.769247245861801
1614,-1.4087685165497996
1615,-3.139435046333332
1616,-5.52777740086155
1617,-2.656565318288803
1618,-1.723096183371512
1619,-3.849833434988064
1620,-0.3278929476942001
1621,-0.5138224840548663
1622,-0.21278835155240006
1623,-2.5537929407472997
1624,-2.1801939078342154
1625,-0.5144535575107306
1626,0.8058765292229986
1627,-4.181187872094225
1628,-1.1944616955739702
1629,-0.5329628844442006
1630,-2.0475174772495026
1631,-6.310243290529222
1632,-6.962144134820509
1633,-5.180373291523672
1634,-4.213638657273858
1635,-0.8625165050374018
1636,-3.192601520974589
1637,-1.1394784006440228
1638,-2.623518100355402
1639,-1.7513983055851876
1640,-0.8483520369080655
1641,-2.7013482291640014
1642,-3.0232417484928575
1643,-3.047657483948406
1644,-1.8143513592161966
1645,-2.9843492521140296
1646,-2.452106773784835
1647,-0.6640536351422008
1648,-3.9431021724460247
1649,-1.1099761328778006
1650,0.30216717881376026
1651,-2.2398345515781286
1652,-4.328185040237214
1653,-2.205157992869811
1654,-3.8025030607672097
1655,-2.782367539916023
1656,-0.8027505122116119
1657,-3.3850255969747973
1658,0.9311082881878642
1659,-2.5477263800191996
1660,-3.0107110085828785
1661,-7.916756109077393
1662,-7.3333111679448075
1663,-1.1022023924756654
1664,-0.060601422495524235
1665,-1.8270105234818654
1666,-2.810844988229009
1667,-1.415249192078181
1668,-1.193512883790903
1669,-3.556363699852997
1670,-5.610015871594348
1671,-2.5698294210690498
1672,-6.7913765926870395
1673,-2.8766722846334
1674,-5.964304522413606
1675,-3.9689577175317954
1676,-2.7364115340550024
1677,-3.766538009652196
1678,-0.710915935366715
1679,-2.847353598460675
1680,-1.5475405476957809
1681,-6.436922077746893
1682,-1.2191420528386026
1683,-1.7906752696653216
1684,-4.91023216675861
1685,-1.2146396719308188
1686,-1.5810311073723984
1687,-2.302938173587805
1688,0.03641052604176001
1689,-5.574327935368198
1690,-2.6645948285172016
1691,0.3626455337834604
1692,-2.160403558891595
1693,-1.8838009513066218
1694,-0.8176853784028315
1695,-4.3799592198916
1696,-0.747431563975934
1697,-4.987844507853372
1698,-0.028802359414599805
1699,-2.198997922020601
1700,-1.958098537157602
1701,-3.306079874899142
1702,-4.027854282932888
1703,-1.2687354674416658
1704,-2.069864850003796
1705,-2.281721051204805
1706,-3.8186803243305927
1707,-2.2256595444661995
1708,0.17728610450539972
1709,-2.726419297085398
1710,-4.027499585276532
1711,-0.0027602499309056566
1712,-2.1156386486251493
1713,-2.377005977640461
1714,-2.8938344311983997
1715,-3.6145844946475636
1716,-7.106361501604808
1717,-3.241518384914814
1718,-3.0389707705408098
1719,-3.3151129958694803
1720,-2.7918020718910013
1721,-3.0034537529726006
1722,-2.1912325123027485
1723,-2.2443632659715993
1724,-0.34955127870599934
1725,-3.176062406021201
1726,-2.7007063454736455
1727,-2.2791508901035353
1728,-3.330530694377934
1729,-0.04236552319460008
1730,-2.949235996378133
1731,-3.3680277976007997
1732,-2.274052557384009
1733,-1.3558798334306312
1734,-0.6668830483103734
1735,-4.4252416748608
1736,-2.916954109763348
1737,-2.547550939603239
1738,-4.041643290676203
1739,-2.3374998460247984
1740,-0.40353799346489394
1741,-5.417946741530803
1742,-2.3900285730372652
1743,-5.427682472745188
1744,-0.4129336408952013
1745,-5.800976043342405
1746,-4.01410079329021
1747,0.13888148908244946
1748,-0.6604969629125992
1749,-4.467430015046801
1750,-0.708046079878921
1751,-2.058524528811603
1752,-1.2488000822159984
1753,-4.176967393820549
1754,-2.3741634270265957
1755,-2.1305135806568667
1756,-0.5330885405826
1757,-6.220166489898029
1758,-3.0871568279386667
1759,-0.7464693192451015
1760,-3.2018188492844675
1761,-4.637334206618512
1762,-0.2735022780113997
1763,-1.8187573414418936
1764,-1.4230190757397325
1765,0.032819652243883286
1766,-4.957985461930762
1767,-1.2898122265278689
1768,-2.2156131686241416
1769,-1.0606150165796013
1770,-2.418229399670632
1771,-0.6966369147185669
1772,-4.003091829206481
1773,-3.338016117256061
1774,-4.634302540792834
1775,-5.688186754653987
1776,-2.893964232311734
1777,-2.149157479399001
1778,-2.4932926287334087
1779,-2.9670245317199306
1780,-1.1542981747722014
1781,-4.901038830721678
1782,-1.621204717922596
1783,-2.0571754130235975
1784,0.46298030216134317
1785,-2.329052035223547
1786,-4.9843226515250905
1787,-2.78307455421788
1788,-1.8764556627868447
1789,-2.588333925155066
1790,-2.3414353358562
1791,-4.091520604409398
1792,-2.3072485529045017
1793,-1.3023138338660016
1794,-4.034522896038486
1795,-4.803244472510125
1796,-2.468762573420798
1797,-4.157804102979139
1798,-1.1398657794021994
1799,-1.908123759096202
1800,-3.8816839930117952
1801,-3.43678378322134
1802,-1.3220024722060006
1803,0.12236662829957629
1804,-1.795832499703066
1805,-3.6567790341499986
1806,-4.1390393469690006
1807,-3.852856194458008
1808,-2.718136003883806
1809,0.28059451516121614
1810,-3.4035445430441973
1811,-0.13135490564775998
1812,-2.428619492910882
1813,-0.5304599817972542
1814,0.16822475880280033
1815,-3.7956328816481975
1816,-2.423092895322604
1817,-4.318355487107632
1818,-1.459746538261056
1819,-2.1811484202096088
1820,-3.0312723850658942
1821,-4.737315257845196
1822,-4.769719583390601
1823,-7.656177343730779
1824,-4.2246892630167965
1825,-4.918596924680766
1826,-4.635477919335863
1827,0.739150149827084
1828,-4.409956420898599
1829,-7.927212752333212
1830,-1.4348817550700803
1831,-8.49556126321518
1832,-0.15322039642019994
1833,-1.4858963823667315
1834,-3.264215286949473
1835,-1.8201002161657955
1836,-3.8014426660836635
1837,-1.494687468484872
1838,-3.0462016572286683
1839,-3.2285009635936026
1840,-5.075193353115237
1841,-1.799244674319962
1842,-3.7630551933658594
1843,-4.89871855606282
1844,-2.1851611451723354
1845,-0.6773074392862
1846,-4.069402885815163
1847,-3.579340852230543
1848,-4.547236236663811
1849,-1.0974843225141342
1850,-4.452928968852262
1851,-1.072623467481864
1852,-7.442503031040996
1853,-2.6098887537603983
1854,-6.33075830601539
1855,0.7616480530181006
1856,0.49917254856100063
1857,-3.506405519309227
1858,-2.1180948161027966
1859,-2.5907343361115687
1860,-7.1997804823376415
1861,-2.9024120882446067
1862,-2.0890629872775635
1863,-2.1844043291188
1864,0.7174868716279725
1865,-0.5147727331804016
1866,-0.622250687901495
1867,-1.063217543883458
1868,-2.211664904058601
1869,-1.9183639282443328
1870,-2.9810832370293983
1871,-2.976567182500759
1872,-1.201682961562936
1873,-2.9923462271372068
1874,-2.5728139862786974
1875,-2.4595688963542672
1876,-4.049797270737672
1877,-3.2119847319779997
1878,-3.846386844496213
1879,-5.891443964638781
1880,-1.7660115813064874
1881,-2.0407654490394744
1882,-3.7862300660786086
1883,-5.366601517895607
1884,-0.7799460021048675
1885,-2.5316218299760007
1886,-3.2808999870865305
1887,-3.8827224747172737
1888,-2.1486499003934068
1889,-4.37562490714068
1890,-2.3214369435629933
1891,-2.980912093189603
1892,-2.8115959261761967
1893,-3.7797083747174596
1894,-0.5947252818532021
1895,-4.201937872149189
1896,-2.992636010341403
1897,-3.5366971876768387
1898,-4.5136864352270045
1899,-3.8520492645697466
1900,-3.5259066223297877
1901,-3.7179969722533124
1902,-0.7739942638238847
1903,-6.054935102652334
1904,-3.1839677175840633
1905,-2.7573648293120865
1906,-2.3377166764848263
1907,-2.6790830168907993
1908,-6.811210314586975
1909,-0.511662765967767
1910,-5.186370959809939
1911,-1.3695502766217278
1912,-3.124238743477399
1913,-2.4952491080554107
1914,-2.3797736785071355
1915,-0.27740631610639926
1916,-1.3416582461861044
1917,-5.229924832622891
1918,0.8093138866902043
1919,-1.4339544162207682
1920,-5.250445320517535
1921,-0.5363575856522601
1922,-2.904558649366396
1923,-0.3046721094964994
1924,-0.9106397625376682
1925,-3.3373788331879717
1926,-2.4834081893662994
1927,-0.2985163962097573
1928,-1.6597792440682637
1929,-0.8911942436148952
1930,-0.03634275124213323
1931,-3.4978688203652024
1932,-0.3461485483784014
1933,-6.107353032921371
1934,-6.286508903668999
1935,-4.255976847589798
1936,-1.3772827501994014
1937,0.07678024450535006
1938,-2.999288994840794
1939,-1.5077850812350029
1940,-7.662460772122261
1941,-2.7242565003349974
1942,-3.8003151260769177
1943,-4.194332764631189
1944,-4.625761073213059
1945,-1.6174487394037986
1946,-1.7870559665878043
1947,-6.006212294343419
1948,-2.286041667205665
1949,-3.294331626726752
1950,-5.095985206839131
1951,-0.5710166969566018
1952,0.6657374658414705
1953,-6.816703680480986
1954,-4.9261510310276
1955,-3.415927654354585
1956,-3.2426798388932365
1957,-3.5758559802507937
1958,-5.648236137974998
1959,-4.482799268076998
1960,-2.894292227945932
1961,-2.9125701116684746
1962,-3.562950210343484
1963,-3.49843710578018
1964,0.42433728897160045
1965,0.028943706872599846
1966,-6.943791713017413
1967,-1.753010137222024
1968,-2.2539553679538042
1969,-0.5038862922433686
1970,-2.828193647526567
1971,-4.281727105276812
1972,-4.654009147817996
1973,-2.8148368801144685
1974,-3.0551418916810085
1975,-1.512934356648534
1976,-1.423704351942803
1977,-2.2200858947646323
1978,-2.2921413404021926
1979,-3.6335425491566826
1980,-1.2605729446109182
1981,-2.6610031204707347
1982,-2.6966995698290726
1983,-1.4782916355688402
1984,-7.444220400643573
1985,-1.5535127467904637
1986,-1.077104761732936
1987,-3.2185959394692074
1988,-2.1520706867444845
1989,-0.020682604249700098
1990,-1.4821783807905347
1991,-0.42196424709219954
1992,-2.0841411572733346
1993,-2.0922515345873065
1994,-2.856167489727999
1995,-0.6335018352169958
